activation,lr,units,objective,elapsed_sec
relu,0.01,10,0.7899070978164673,25.164820194244385
relu,0.27755241936905684,96,-3.4028235e+38,31.253033876419067
